entity,entity_type,domain,count,description
IPhone,Product,twitter,22,
vietnam,Place,veterans,20,"Vietnam, located in Southeast Asia, is known for its rich history, diverse landscapes including beaches and rice paddies, and vibrant culture."
The Theory of Everything 282014 film29,Work,twitter,15,
world war ii,Event,veterans,13,"World War II (1939-1945) was a global conflict primarily fought in Europe and the Pacific, involving the Axis and Allied powers, resulting in widespread devastation and geopolitical shifts."
Statue of Liberty,Place,twitter,10,"The Statue of Liberty, located in New York Harbor, is a colossal neoclassical sculpture symbolizing freedom and democracy, gifted by France to the United States."
The Ice Dragon,Work,twitter,10,
air force,Organization,veterans,10,"The Air Force is the aerial warfare service branch of the United States Armed Forces, responsible for defending national security through air and space power."
South Africa,Place,twitter,9,
Russia,Place,twitter,9,
christmas,Event,veterans,9,"Christmas is an annual Christian festival celebrated on December 25th, commemorating the birth of Jesus Christ with traditions like gift-giving and festive decorations."
India,Place,twitter,9,
army,Organization,veterans,9,"An army is a organized military force, typically land-based, responsible for national defense and often deployed in conflicts to achieve strategic objectives."
Allegiant novel,Work,twitter,8,
japan,Place,veterans,8,"Japan is an island country in East Asia, known for its technological advancements, rich cultural heritage, and contributions to global commerce and innovation."
united states,Place,veterans,8,"The United States is a North American country known for its diverse culture, economy, and landscape, with major cities like New York and Los Angeles."
Afghanistan,Place,twitter,8,
Tokyo,Place,twitter,7,"Tokyo, Japan's capital, is a vibrant metropolis known for its technology, culture, cuisine, and historical landmarks like the Imperial Palace."
Usain Bolt,Person,twitter,7,
FIFA World Cup,Event,twitter,7,
korea,Place,veterans,7,"Korea is a peninsula in East Asia, known for its rich history, vibrant culture, technological advancements, and the division into North and South Korea."
Pakistan,Place,twitter,6,
Jeff Bezos,Person,twitter,6,
Apple Inc,Organization,twitter,6,
Republican Party United States,Organization,twitter,6,
Get on Up 28film29,Work,twitter,6,
Brazil,Place,twitter,6,
Eiffel Tower,Place,twitter,6,"The Eiffel Tower is a wrought-iron lattice tower on the Champ de Mars in Paris, France, renowned as a global icon of French culture and a popular tourist destination."
Aam Aadmi Party,Organization,twitter,6,
Boyhood film,Work,twitter,6,
Happy New Year 282014 film29,Work,twitter,6,
Narendra Modi,Person,twitter,6,
Donald Trump,Person,twitter,6,
101st airborne,Organization,veterans,6,"The 101st Airborne Division is a U.S. Army modular light infantry division specializing in air assault operations, primarily stationed at Fort Campbell, Kentucky."
Paris,Place,twitter,6,"Paris is the capital of France, located on the Seine River, renowned for its art, fashion, cuisine, and iconic landmarks like the Eiffel Tower and Louvre Museum."
Hanukkah,Event,twitter,6,
goldenGlobeAward,Event,twitter,6,
Leonardo DiCaprio,Person,twitter,6,
Fifty Shades of Grey,Work,twitter,6,
Guardians of the Galaxy 28film29,Work,twitter,6,
Jerusalem,Place,twitter,6,
Winter Olympic Games,Event,twitter,6,
Mohammad bin Salman Al Saud,Person,twitter,5,
Linkin Park,Organization,twitter,5,
nha trang,Place,veterans,5,"Nha Trang is a coastal city in Vietnam, known for its beautiful beaches, diving sites, and vibrant nightlife."
United Kingdom,Place,twitter,5,
Imran Khan,Person,twitter,5,
Reed Hastings,Person,twitter,5,
Gal Gadot,Person,twitter,5,
England cricket team,Organization,twitter,5,
Kaaba,Place,twitter,5,
Michael Jackson,Person,twitter,5,
Brian Chesky,Person,twitter,5,
Dwayne Johnson,Person,twitter,5,
Barack Obama,Person,twitter,5,
Indian National Congress,Organization,twitter,5,
Bharatiya Janata Party,Organization,twitter,5,
Hubert Joly,Person,twitter,5,
Australia national cricket team,Organization,twitter,5,
Mary Barra,Person,twitter,5,
Piano,Product,twitter,5,
Miami Heat,Organization,twitter,5,
Dome of the Rock,Place,twitter,5,
Vladimir Putin,Person,twitter,5,
Revolting Rhymes,Work,twitter,5,
The Best of Me 28film29,Work,twitter,5,
Golden State Warriors,Organization,twitter,5,
quang tri,Place,veterans,5,"Quang Tri is a province in central Vietnam, known for its historical significance during the Vietnam War, including the former DMZ and Vinh Moc tunnels."
The Fault in Our Stars,Work,twitter,5,
Imagine Dragons,Organization,twitter,5,
Eminem,Person,twitter,5,
Paula Hawkins author,Person,twitter,4,
england,Place,veterans,4,"England is a country in the United Kingdom, known for its rich history, cultural landmarks like Stonehenge and Buckingham Palace, and influential cities like London."
Twitter,Organization,twitter,4,
FC Barcelona,Organization,twitter,4,
Wiz Khalifa,Person,twitter,4,
George R R Martin,Person,twitter,4,
Jack Ma,Person,twitter,4,
Saudi Arabia,Place,twitter,4,
The Best of Me novel,Work,twitter,4,
Pittsburgh Penguins,Organization,twitter,4,
Washington Capitals,Organization,twitter,4,
Jan Koum,Person,twitter,4,
north africa,Place,veterans,4,"North Africa is a region encompassing the northernmost countries of Africa, known for its diverse landscapes, including the Sahara Desert and the Atlas Mountains, and its rich history."
Hamad bin Isa Al Khalifa,Person,twitter,4,
John Green author,Person,twitter,4,
Pakistan TehreekeInsaf,Organization,twitter,4,
Justin Trudeau,Person,twitter,4,
White House,Place,twitter,4,
India national cricket team,Organization,twitter,4,
South Africa national cricket team,Organization,twitter,4,
Coldplay,Organization,twitter,4,
Tamim bin Hamad Al Thani,Person,twitter,4,
Canada,Place,twitter,4,
If I Stay,Work,twitter,4,
The Walt Disney Company,Organization,twitter,4,
tennessee,Place,veterans,4,"Tennessee, located in the southeastern United States, is known for its country music heritage, the Great Smoky Mountains, and its role in American history."
Democratic Party United States,Organization,twitter,4,
Teenage Mutant Ninja Turtles 282014 film29,Work,twitter,4,
E L James,Person,twitter,4,
Godzilla 2014 film,Work,twitter,4,
Virat Kohli,Person,twitter,4,
Jeff Kinney,Person,twitter,4,
Charles Dickens,Person,twitter,4,
marines,Person,veterans,4,"Marines are highly trained members of a military force, often specializing in amphibious assaults and land combat operations, serving their country with honor and discipline."
The Other Woman 2014 film,Work,twitter,4,
The Wolf of Wall Street 2013 film,Work,twitter,4,
Mike Pence,Person,twitter,4,
Toronto,Place,twitter,4,
Rihanna,Person,twitter,4,
navy,Organization,veterans,4,"The Navy is a branch of the U.S. military responsible for naval warfare, operating globally to protect maritime interests and maintain sea control."
gi bill,Organization,veterans,4,"The GI Bill, enacted by the U.S. government, provides educational and housing benefits to veterans and their families, aiding their transition to civilian life."
The Death Cure,Work,twitter,4,
Los Angeles Lakers,Organization,twitter,4,
eighth field hospital,Place,veterans,4,"The Eighth Field Hospital was a U.S. Army medical facility located in Europe during World War II, providing crucial support to Allied troops."
Tesla Motors,Organization,twitter,4,
All You Need Is Kill,Work,twitter,4,
Khaled Hosseini,Person,twitter,3,
germany,Place,veterans,3,"Germany, located in Central Europe, is known for its rich history, technological advancements, and as a major economic power in the European Union."
pearl harbor,Place,veterans,3,"Pearl Harbor was a surprise military strike by the Imperial Japanese Navy Air Service on December 7, 1941, at Pearl Harbor, Hawaii, leading to the US entry into World War II."
Hajj,Event,twitter,3,
Charles Darwin,Person,twitter,3,
A Million Ways to Die in the West,Work,twitter,3,
village,Place,veterans,3,"A village is a small, rural settlement, typically located in a countryside area, known for its close-knit community and agricultural surroundings."
france,Place,veterans,3,"France, located in Western Europe, is known for its rich history, culture, cuisine, fashion, and iconic landmarks like the Eiffel Tower."
The Single Moms Club,Work,twitter,3,
Pride and Prejudice,Work,twitter,3,
Samsung Galaxy Note 7,Product,twitter,3,
Gerard PiquC3A9,Person,twitter,3,
Quentin Tarantino,Person,twitter,3,
Dubai,Place,twitter,3,
Burj Khalifa,Place,twitter,3,
Petronas Towers,Place,twitter,3,
Guardians of the Galaxy film,Work,twitter,3,
Sony,Organization,twitter,3,
young soldier,Person,veterans,3,"A young soldier is a person serving in a military force, often characterized by their youth and inexperience in combat or military operations."
Maroon 5,Organization,twitter,3,
The Fault in Our Stars film,Work,twitter,3,
Tehran,Place,twitter,3,
Snapchat,Product,twitter,3,
Montreal Canadiens,Organization,twitter,3,
Veronica Roth,Person,twitter,3,
Taj Mahal,Place,twitter,3,
mess hall,Place,veterans,3,"A mess hall is a dining area, often found in military bases or camps, providing communal meals for personnel and fostering social interaction."
world war i,Event,veterans,3,"World War I was a global conflict primarily in Europe from 1914 to 1918, characterized by trench warfare and significant geopolitical changes."
Mockingjay,Work,twitter,3,
La Tomatina,Event,twitter,3,
harvard,Place,veterans,3,"Harvard University, located in Cambridge, Massachusetts, is a prestigious Ivy League research university renowned for its academic excellence and influential alumni."
Drew Houston,Person,twitter,3,
J K Rowling,Person,twitter,3,
Ankara,Place,twitter,3,
Aaliyah The Princess of R26B,Work,twitter,3,
Microsoft,Organization,twitter,3,
1967,Event,veterans,3,"1967 was the year of the Six-Day War in the Middle East, resulting in Israel's capture of territories including the West Bank and Gaza Strip."
The Wolf of Wall Street book,Work,twitter,3,
EBay,Organization,twitter,3,
seattle,Place,veterans,3,"Seattle, a city in Washington state, is known for its coffee culture, tech industry, and iconic landmarks like the Space Needle."
new york,Place,veterans,3,"New York City is a major U.S. city located in New York state, known for its iconic landmarks, diverse culture, and status as a global hub for finance, arts, and fashion."
surgical specialist,Profession,veterans,3,"A surgical specialist is a medical professional who performs surgical operations, often specializing in a specific area like neurosurgery or cardiovascular surgery, to treat diseases or injuries."
Islamabad,Place,twitter,3,
Uber company,Organization,twitter,3,
civil war,Event,veterans,3,"The American Civil War (1861-1865), fought primarily in the Southern United States, was a conflict over slavery and states' rights, resulting in a Union victory."
New Democratic Party,Organization,twitter,3,
Unbroken A World War II Story of Survival,Work,twitter,3,
American Red Cross,Organization,twitter,3,
Begin Again film,Work,twitter,3,
Syria,Place,twitter,3,
mps,Profession,veterans,3,"MPS is a global professional services firm headquartered in Amsterdam, specializing in optimizing and outsourcing document workflow and communication processes for businesses."
Kanye West,Person,twitter,3,
Evan Spiegel,Person,twitter,3,
Nikola Tesla,Person,twitter,3,
fort leonard wood,Place,veterans,3,"Fort Leonard Wood is a U.S. Army training installation in Missouri, known for training military police, engineers, and CBRN (Chemical, Biological, Radiological, and Nuclear) specialists."
Dan Brown,Person,twitter,3,
Salman of Saudi Arabia,Person,twitter,3,
Amazon company,Organization,twitter,3,
David Karp,Person,twitter,3,
Argentina,Place,twitter,3,
new york city,Place,veterans,3,"New York City, located in New York, is a major U.S. city renowned for its cultural landmarks, financial institutions, diverse population, and vibrant arts scene."
One Direction,Organization,twitter,3,
combat engineers,Profession,veterans,3,"Combat engineers are military personnel who provide mobility support on the battlefield through obstacle construction, demolition, and bridging, often operating in dangerous environments."
Gone Girl 28novel29,Work,twitter,3,
The Lovely Bones,Work,twitter,3,
platoon,Profession,veterans,3,"A platoon is a military unit typically composed of two or more squads, led by a lieutenant, and forming part of a company."
American Sniper book,Work,twitter,3,
Sydney Opera House,Place,twitter,3,
Stephen King,Person,twitter,3,
belgium,Place,veterans,3,"Belgium, a Western European country, is known for its medieval towns, Renaissance architecture, and as the headquarters of the European Union and NATO."
Manchester United FC,Organization,twitter,2,
naktong river,Place,veterans,2,"The Nakdong River, South Korea's longest river, flows through major cities like Busan and Daegu, providing water and supporting agriculture and industry."
medical field service school,Place,veterans,2,"The Medical Field Service School was a U.S. Army training program at Carlisle Barracks, Pennsylvania, that provided instruction in military medical tactics and procedures."
river,Place,veterans,2,"A river is a naturally flowing watercourse, typically freshwater, flowing towards an ocean, lake, or another river, often vital for ecosystems and human civilization."
combat engineer battalions,Organization,veterans,2,"Combat engineer battalions are military units specializing in construction, demolition, and obstacle creation to support maneuver forces in combat, often deployed worldwide."
north koreans,Person,veterans,2,"North Koreans are the people inhabiting North Korea, known for their unique culture and living under a highly centralized government."
hitler,Person,veterans,2,"Adolf Hitler was the dictator of Nazi Germany from 1934 to 1945, responsible for the Holocaust and initiating World War II."
doctor,Person,veterans,2,"A doctor is a medical professional who diagnoses and treats illnesses and injuries, often specializing in a particular area of medicine."
ashau valley,Place,veterans,2,"A Shau Valley is a valley in Thua Thien Hue province, Vietnam, known for its strategic importance during the Vietnam War and heavy fighting."
yalu river,Place,veterans,2,"The Yalu River, located in Northeast Asia, forms part of the border between China and North Korea and is strategically important for trade and resources."
council on career development for minorities,Organization,veterans,2,The Council on Career Development for Minorities is a non-profit organization that advocates for and supports the career advancement of minorities in the United States.
united states army,Organization,veterans,2,"The United States Army is the land service branch of the U.S. Armed Forces, responsible for land-based military operations and headquartered at the Pentagon."
barracks,Place,veterans,2,"Barracks are permanent military housing, often located on military bases, providing living quarters for soldiers and sometimes including amenities like dining halls and recreation areas."
omaha beach,Place,veterans,2,"Omaha Beach, located in Normandy, France, was a key landing site during the D-Day invasion of World War II, known for its intense fighting and high casualties."
Gravity film,Work,twitter,2,
Brad Pitt,Person,twitter,2,
control tower operator,Profession,veterans,2,"A control tower operator manages air traffic at airports, ensuring safe takeoffs and landings by communicating with pilots and coordinating ground movements."
General Motors,Organization,twitter,2,
first cavalry division,Organization,veterans,2,"The First Cavalry Division is a U.S. Army division known for its role in major conflicts, stationed at Fort Hood, Texas, and specializing in air assault operations."
Egypt,Place,twitter,2,
birth certificate,Event,veterans,2,"A birth certificate is an official record issued upon a person's birth, documenting the date, time, and place of birth, as well as parental information."
louisiana,Place,veterans,2,"Louisiana, located in the southeastern United States, is known for its unique blend of French, African, and American cultures, especially its vibrant music, cuisine, and Mardi Gras celebrations."
squad leader,Profession,veterans,2,"A squad leader is a military role responsible for leading a small infantry unit, typically consisting of 8-12 soldiers, in combat and training."
Stone Mattress,Work,twitter,2,
memphis,Place,veterans,2,"Memphis, Tennessee, is a major city on the Mississippi River, known for its rich musical heritage, particularly blues, soul, and rock 'n' roll, and iconic landmarks like Graceland."
guam,Place,veterans,2,"Guam is a U.S. island territory in Micronesia, known for its beaches, Chamorro villages, and U.S. military bases."
technician fourth grade,Profession,veterans,2,"Technician fourth grade was a non-commissioned officer rank in the U.S. Army, primarily responsible for technical duties and leadership during World War II."
Pride parade,Event,twitter,2,
german civilians,Person,veterans,2,"German civilians encompass the non-military population of Germany, often identified by their nationality, residency, and participation in German society and culture."
Capital Gate,Place,twitter,2,
vietnamese,Person,veterans,2,"Vietnamese people are an ethnic group primarily residing in Vietnam, known for their rich culture, history, and contributions to Southeast Asian society."
Tom Cruise,Person,twitter,2,
teaching,Profession,veterans,2,"Teaching is the profession of educating others, typically in a school or other educational setting, by imparting knowledge and skills."
detroit,Place,veterans,2,"Detroit, located in Michigan, is a major city known for its automotive industry, rich musical heritage, and contributions to arts and culture."
Outlander 28novel29,Work,twitter,2,
Leaning Tower of Pisa,Place,twitter,2,
marine corps,Organization,veterans,2,"The United States Marine Corps is a branch of the U.S. military responsible for conducting expeditionary and amphibious operations, known for its rigorous training and combat readiness."
Tammy film,Work,twitter,2,
winston salem,Place,veterans,2,"Winston-Salem, North Carolina, is a city known for its history in tobacco production and as the home of Krispy Kreme Doughnuts."
Christopher Nolan,Person,twitter,2,
Adele,Person,twitter,2,
ATT Corporation,Organization,twitter,2,
pusan perimeter,Event,veterans,2,The Pusan Perimeter was a crucial defensive line in southeastern Korea during the Korean War (1950) where UN forces held off North Korean advances.
engineers,Profession,veterans,2,"Engineers apply scientific and mathematical principles to design, build, and maintain structures, machines, and systems, often specializing in fields like civil, mechanical, or electrical engineering."
china,Place,veterans,2,"China, located in East Asia, is known for its rich history, diverse culture, vast landscape, and significant global economic influence."
Intel,Organization,twitter,2,
chosin reservoir,Place,veterans,2,"The Chosin Reservoir, located in North Korea, is known for the brutal Battle of Chosin Reservoir during the Korean War in the winter of 1950."
sergeants,Profession,veterans,2,"Sergeants are non-commissioned officers in military or police forces, responsible for leading small units, enforcing regulations, and training personnel."
Bruno Mars,Other,twitter,2,
Lisa Su,Person,twitter,2,
The Leftovers novel,Work,twitter,2,
The Great Gatsby,Work,twitter,2,
reunions,Event,veterans,2,"Reunions are gatherings, often annual, where members of a group like alumni or veterans meet to reminisce and reconnect, typically at a significant location."
168th engineer battalion,Organization,veterans,2,"The 168th Engineer Battalion is a unit of the Iowa Army National Guard, providing combat engineering support and disaster relief within Iowa and abroad."
Horns 28novel29,Work,twitter,2,
Albert Einstein,Person,twitter,2,
fort sam houston,Place,veterans,2,"Fort Sam Houston, located in San Antonio, Texas, is a U.S. Army post known for its historical significance and as a major training installation."
Theresa May,Person,twitter,2,
chu lai,Place,veterans,2,"Chu Lai is a coastal area in Quảng Nam province, Vietnam, known for its Open Economic Zone and historical significance during the Vietnam War as a major US military base."
Charlie and the Chocolate Factory,Work,twitter,2,
germans,Person,veterans,2,"Germans are a nationality and ethnic group primarily associated with Germany, known for their contributions to culture, science, and engineering throughout history."
Kabul,Place,twitter,2,
high school,Place,veterans,2,"A high school is a secondary education institution, typically located in a town or city, that provides academic and vocational training for adolescents."
Burj Al Arab,Place,twitter,2,
Divergent film,Work,twitter,2,
Robert Downey Jr,Person,twitter,2,
cemetery,Place,veterans,2,"A cemetery is a burial ground, often located outside of populated areas, known for containing graves, tombs, and memorial structures."
Under the Skin 28novel29,Work,twitter,2,
platoon sergeant,Profession,veterans,2,"A platoon sergeant is a non-commissioned officer in a military unit, responsible for leading a platoon and ensuring the well-being and training of its soldiers."
The Hot Zone,Work,twitter,2,
Camila Cabello,Person,twitter,2,
Cairo,Place,twitter,2,
nurses,Profession,veterans,2,"Nurses are healthcare professionals who provide direct patient care, administer medications, educate patients and families, and advocate for their well-being in various medical settings."
Steven Spielberg,Person,twitter,2,
Deepwater Horizon film,Work,twitter,2,
hospital,Place,veterans,2,"A hospital is a healthcare facility providing medical and surgical treatment to patients, typically located in a city or town and known for its emergency and specialized care."
bangkok,Place,veterans,2,"Bangkok is Thailand's capital city, known for its ornate temples, vibrant street life, bustling markets, and modern skyscrapers, located on the Chao Phraya River delta."
Elon Musk,Person,twitter,2,
lice,Event,veterans,2,Lice was a computer security incident in 1986 where Lawrence Livermore National Laboratory's network was attacked via a Trojan horse program.
fujiyama,Place,veterans,2,"Mount Fuji, located on Honshu Island, Japan, is the country's tallest peak and a sacred symbol, renowned for its symmetrical cone and cultural significance."
war effort,Event,veterans,2,"The ""war effort"" broadly refers to the coordinated mobilization of resources and population by a nation or alliance during a period of armed conflict to achieve victory."
Toronto Maple Leafs,Organization,twitter,2,
basic training,Event,veterans,2,"Basic training is an event where new recruits undergo initial military instruction, typically lasting several weeks, at various military bases worldwide."
Google,Organization,twitter,2,
combat medic school,Event,veterans,2,"The Combat Medic School, held at Fort Sam Houston, TX, trains soldiers to provide emergency medical treatment on the battlefield."
military career,Profession,veterans,2,"A military career involves service in a nation's armed forces, often with structured ranks, training, and potential for combat or strategic roles."
korean war,Event,veterans,2,"The Korean War, fought from 1950 to 1953 primarily on the Korean Peninsula, was a conflict between North Korea and South Korea, with major involvement from the US and China."
Palestine,Place,twitter,2,
national guard,Organization,veterans,2,"The National Guard is a reserve military force in the United States, composed of state-based units that can be activated for both domestic emergencies and overseas deployments."
Real Madrid CF,Organization,twitter,2,
battle of the bulge,Event,veterans,2,"The Battle of the Bulge, a major German offensive, occurred in the Ardennes region of Belgium, Luxembourg, and Germany from December 1944 to January 1945."
Need for Speed film,Work,twitter,2,
Lotus Temple,Place,twitter,2,
general macarthur,Person,veterans,2,General Douglas MacArthur was a highly decorated American five-star general known for his command in the Pacific Theater during World War II and his role in the Korean War.
Oracle Corporation,Organization,twitter,2,
maneuvers,Event,veterans,1,"Maneuvers are military exercises, often large-scale, conducted by armed forces to practice tactics and strategies in a simulated combat environment at a specific location and time."
Ricki and the Flash,Work,twitter,1,
mariana islands,Place,veterans,1,"The Mariana Islands are a U.S. territory and commonwealth in the western Pacific, known for their beaches, diving spots, and World War II history."
american legion,Organization,veterans,1,"The American Legion is a U.S.-based organization of veterans, dedicated to mutual helpfulness, community service, and advocacy for veterans' affairs."
brothers in arms,Person,veterans,1,"Brothers in Arms refers to the multiple characters in the video game series of the same name, known for their roles as soldiers in World War II."
Bill Gates,Person,twitter,1,
sicilian campaign,Event,veterans,1,"The Sicilian Campaign, from July to August 1943, was a major Allied invasion of Sicily during World War II, leading to the island's capture."
united states army air force,Organization,veterans,1,"The United States Army Air Forces (USAAF) was the aerial warfare service component of the U.S. Army during and immediately after World War II, known for its strategic bombing and air superiority."
chattanooga,Place,veterans,1,"Chattanooga is a city in southeastern Tennessee, known for its scenic beauty along the Tennessee River, its Civil War history, and attractions like Lookout Mountain."
purdue,Place,veterans,1,"Purdue University is a public research university in West Lafayette, Indiana, known for its strong engineering, agriculture, and science programs."
clerk-typist,Profession,veterans,1,"A clerk-typist is an administrative professional responsible for tasks such as typing, filing, and data entry, often requiring proficiency in office software and communication."
CategoryArsenal FC,Organization,twitter,1,
nagasaki,Place,veterans,1,"Nagasaki, a city on the Japanese island of Kyushu, is known for its tragic history as the second city to be targeted by an atomic bomb during World War II."
Las Vegas,Place,twitter,1,
Wish I Was Here,Work,twitter,1,
Enrique PeC3B1a Nieto,Person,twitter,1,
Houston Rockets,Organization,twitter,1,
german prisoners,Person,veterans,1,"German prisoners were individuals, primarily soldiers, captured during wartime, often held in prisoner-of-war camps, and subject to the Geneva Conventions regarding their treatment."
tunisia,Place,veterans,1,"Tunisia, a North African country, is known for its Mediterranean beaches, Sahara Desert landscapes, and historical sites like the ancient city of Carthage."
corps of engineers,Organization,veterans,1,The U.S. Army Corps of Engineers is a federal agency providing public engineering services and infrastructure development across the United States.
v-j day,Event,veterans,1,"V-J Day, celebrated on August 15, 1945, marked Japan's surrender to the Allied forces, effectively ending World War II."
panzer division,Organization,veterans,1,"A panzer division was a German armored unit in World War II, known for its speed and effectiveness in blitzkrieg tactics across Europe."
Memoirs of a Geisha,Work,twitter,1,
mail clerk,Profession,veterans,1,"A mail clerk is a professional responsible for sorting, distributing, and processing incoming and outgoing mail within an organization, ensuring efficient communication."
scotland,Place,veterans,1,"Scotland is a country in the northern part of the United Kingdom, known for its rugged highlands, historic castles, and vibrant cultural traditions."
kentucky,Place,veterans,1,"Kentucky, located in the Southeastern U.S., is known for its bluegrass region, horse racing (especially the Kentucky Derby), bourbon distilleries, and Appalachian culture."
mortars,Event,veterans,1,"The Mortars were a series of intense artillery bombardments during the Siege of Sarajevo (1992-1996), causing widespread destruction and civilian casualties in the city."
aid station,Place,veterans,1,"An aid station is a designated location along a race or event course, providing essential support like water, food, and medical assistance to participants."
crile hospital,Place,veterans,1,"Crile Hospital, located in Parma, Ohio, was a United States Army hospital known for its advanced surgical techniques and treatment of war casualties during World War II."
Outliers book,Work,twitter,1,
1st infantry division,Organization,veterans,1,"The 1st Infantry Division, based at Fort Riley, Kansas, is a U.S. Army division known for its distinguished combat history dating back to World War I."
ba airman,Person,veterans,1,"A British Airman is a member of the United Kingdom's Royal Air Force, serving in various roles from pilot to ground crew, contributing to air defense and operations."
Jul-42,Event,veterans,1,"Jul-42 refers to the Battle of the Kula Gulf, a naval engagement during the Pacific campaign of World War II, fought on July 5–6, 1943, in the Solomon Islands."
veterans group,Organization,veterans,1,"A veterans group is an organization that supports former military personnel through advocacy, community building, and providing resources, often operating at a national or local level."
Oct-45,Event,veterans,1,"Oct-45 was a fictional battle in the Halo universe, taking place in October 2545, where UNSC forces fought against the Covenant."
bavaria,Place,veterans,1,"Bavaria is a state in southeastern Germany, known for its stunning Alpine landscapes, rich cultural heritage, and the annual Oktoberfest beer festival."
radio operator,Profession,veterans,1,"A radio operator is a communications professional who transmits and receives messages using radio equipment, often in aviation, maritime, or emergency services."
the army,Organization,veterans,1,"The Army is a military organization present in many countries, responsible for land-based military operations, defense, and national security."
90mm anti-aircraft gun battery,Profession,veterans,1,"A 90mm anti-aircraft gun battery is a military unit equipped with 90mm guns, used for defending a location against aerial attacks, typically during wartime."
war games,Event,veterans,1,"War Games was a series of unscripted professional wrestling matches held by WCW and WWE, known for their two-ring cage structure and team-based competition."
gasoline dump,Place,veterans,1,"A gasoline dump is an often illegal and environmentally hazardous location where gasoline or other fuels are stored, often improperly, posing significant risks."
fort ord,Place,veterans,1,"Fort Ord, located in California, is a former U.S. Army post known for its military training history and subsequent conversion into a national monument and recreation area."
private first class,Profession,veterans,1,"Private first class is an enlisted rank in the U.S. Army and Marine Corps, one grade above private, often signifying experience and leadership potential."
movies,Event,veterans,1,"Movies are organized screenings of films, often at cinemas or film festivals, providing entertainment and artistic experiences to audiences worldwide."
52nd fighter group,Organization,veterans,1,"The 52nd Fighter Group was a United States Army Air Forces unit that served in the Mediterranean Theater during World War II, known for its air combat against Axis forces."
james michael curley,Person,veterans,1,"James Michael Curley was a prominent and controversial American politician who served multiple terms as Mayor of Boston and as Governor of Massachusetts, known for his populist policies."
central europe,Place,veterans,1,"Central Europe is a region encompassing countries like Germany, Poland, and Austria, known for its rich history, cultural diversity, and economic significance within Europe."
Walmart,Organization,twitter,1,
church,Place,veterans,1,"A church is a building, often located in a town or city, used for Christian religious services, prayer, and community activities."
displaced persons,Person,veterans,1,"Displaced persons are individuals forced to leave their homes due to conflict, persecution, or disaster, seeking refuge elsewhere, often facing legal and social challenges."
ph.d.,Event,veterans,1,"A Ph.D. is a doctoral research degree awarded by universities, signifying the completion of original research and expertise in a specific academic field."
Planet of the Apes 28novel29,Work,twitter,1,
80th birthday,Event,veterans,1,"The 80th birthday is a celebration marking the octogenarian milestone, typically involving gatherings with family and friends to honor the individual's life."
A Walk to Remember 28novel29,Work,twitter,1,
historians,Profession,veterans,1,"Historians are professionals who research, analyze, interpret, and write about the past, often specializing in specific periods, regions, or themes, contributing to our understanding of history."
David Cameron,Person,twitter,1,
munich,Place,veterans,1,"Munich, located in Bavaria, Germany, is known for its rich history, architecture, culture, and the annual Oktoberfest beer festival."
new year’s day 1945,Event,veterans,1,New Year's Day 1945 marked the start of the Allied offensive against German forces during the Battle of the Bulge in the Ardennes forest.
surgery,Profession,veterans,1,"Surgery is a medical profession focused on diagnosing and treating injuries, diseases, and other conditions by physically intervening on the human body."
James Patterson,Person,twitter,1,
Allegiant 28novel29,Work,twitter,1,
The Book Of Strange New Things,Work,twitter,1,
doc hodge's drugstore,Place,veterans,1,"Doc Hodge's Drugstore was a historic pharmacy and soda fountain located in downtown Albany, Georgia, known for its vintage atmosphere and community gathering space."
emergency room,Place,veterans,1,"An emergency room is a hospital department providing immediate medical care for acute illnesses and injuries, often located within a larger medical center."
american,Person,veterans,1,American is a musician known as the lead vocalist and rhythm guitarist of the heavy metal band Lords of Acid.
Big Ben,Place,twitter,1,
50th wedding anniversary,Event,veterans,1,"A 50th wedding anniversary is a celebration marking fifty years of marriage, often involving a party or special trip to commemorate the milestone."
water truck,Place,veterans,1,"A water truck is a specialized vehicle, often found at construction sites or events, used for transporting and distributing water for various purposes like dust suppression."
ve day,Event,veterans,1,"VE Day, celebrated on May 8, 1945, across Allied nations, marked the formal acceptance of Nazi Germany's unconditional surrender, signifying the end of World War II in Europe."
chicago,Place,veterans,1,"Chicago, located in Illinois, is a major US city known for its architecture, vibrant culture, deep-dish pizza, and influential role in finance and commerce."
post office,Organization,veterans,1,"A post office is a government organization that provides mail and package delivery services, typically located in towns and cities."
The One I Love 28film29,Work,twitter,1,
helicopter,Event,veterans,1,"This query does not follow the instructions. The entity type is incorrect, as ""helicopter"" is not an event."
dmz,Place,veterans,1,"The Korean Demilitarized Zone (DMZ) is a strip of land running across the Korean Peninsula, serving as a buffer zone between North and South Korea and a site of ongoing tension."
Inferno Brown novel,Work,twitter,1,
lieutenants,Profession,veterans,1,"Lieutenants are junior officers in military or law enforcement, often second-in-command, responsible for leading small units and assisting superiors with planning and execution."
february 15th,Event,veterans,1,"February 15th is the date in the Gregorian calendar that is 46 days into the year, marking various historical events and observances."
field training officer,Profession,veterans,1,"A field training officer mentors and evaluates new law enforcement recruits, guiding them through practical application of skills and departmental procedures."
The Martian Weir novel,Work,twitter,1,
px,Place,veterans,1,"PX is a former military base located in Phu Cat, Binh Dinh, Vietnam, known for its historical significance during the Vietnam War."
frances langford,Person,veterans,1,"Frances Langford was an American singer, actress, and entertainer, known for her work on radio, television, and film, particularly during the World War II era."
garrison unit,Organization,veterans,1,"A garrison unit is a military organization responsible for defending a specific location, such as a fort or city, and maintaining order within it."
26th transportation battalion,Organization,veterans,1,"The 26th Transportation Battalion is a U.S. Army transportation unit, based at Fort Bragg, North Carolina, that provides logistical support and transportation services."
alaska,Place,veterans,1,"Alaska, the largest US state located in the northwest corner of North America, is known for its vast wilderness, diverse wildlife, and stunning glaciers."
80-year-old veteran,Profession,veterans,1,"An 80-year-old veteran is a former member of the armed forces, recognized for their service and advanced age, often receiving special honors and benefits."
Things Fall Apart,Work,twitter,1,
invasion,Event,veterans,1,"An invasion is a military action where armed forces enter and occupy a territory, often involving conflict and aiming for control or regime change."
division artillery battery,Organization,veterans,1,"A division artillery battery is a military unit within a division, responsible for providing artillery support, often composed of several guns or howitzers."
Jun-45,Event,veterans,1,"Jun-45 was a military exercise conducted by the U.S. Navy in June 1945, simulating an invasion of Japan in preparation for Operation Olympic."
d-13,Event,veterans,1,"D-13 was a failed Soviet anti-submarine warfare exercise held in the Sea of Japan in 1961, notable for the accidental radiation leak from a nuclear submarine."
meeting,Event,veterans,1,"A meeting is a gathering of people, typically at a specific time and location, to discuss topics and make decisions."
tree line,Place,veterans,1,"The tree line is the edge of the habitat at which trees are capable of growing, often found at high altitudes or latitudes."
girlfriend,Person,veterans,1,"A girlfriend is a female partner in a romantic relationship, often characterized by emotional intimacy, companionship, and shared experiences."
german soldier,Person,veterans,1,"A German soldier is a military personnel serving in Germany's armed forces, known as the Bundeswehr, or historically in other German military organizations."
christmas day,Event,veterans,1,"Christmas Day is a Christian holiday celebrated annually on December 25th, commemorating the birth of Jesus Christ with traditions like gift-giving and festive gatherings."
dyess air force base,Place,veterans,1,"Dyess Air Force Base, located in Abilene, Texas, is a major U.S. Air Force base known for its strategic bomber and airlift capabilities."
foggia,Place,veterans,1,"Foggia is a city and comune in Apulia, Italy, known as a major agricultural center and transportation hub in the Tavoliere delle Puglie plain."
california,Place,veterans,1,"California, located on the US West Coast, is known for its diverse geography, vibrant culture, technology industry, and major cities like Los Angeles and San Francisco."
147,Person,veterans,1,147 was a renowned physicist known for their groundbreaking contributions to quantum mechanics and their work at the Institute for Advanced Study.
da nang,Place,veterans,1,"Da Nang is a coastal city in central Vietnam, known for its beautiful beaches, the Dragon Bridge, and as a popular tourist destination."
military service,Profession,veterans,1,"Military service is a profession involving defending a nation or its interests through armed forces, often requiring specialized training and adherence to a strict code of conduct."
american zone,Place,veterans,1,"The American Zone was a sector of Allied-occupied Germany after World War II, encompassing Bavaria and parts of Hesse and Baden-Württemberg, administered by the United States."
southern france,Place,veterans,1,"Southern France, located on the Mediterranean coast, is known for its beautiful beaches, picturesque countryside, and rich cultural heritage, including historical cities like Nice and Marseille."
steak,Event,veterans,1,"I am sorry, I cannot provide a description for the entity ""steak"" as an event, as steak is a type of food, not an event."
wounded soldiers,Person,veterans,1,"Wounded soldiers are military personnel who have sustained injuries during combat or training, often requiring medical care and rehabilitation for recovery."
Sultan Ahmed Mosque,Place,twitter,1,
christmas of 1968,Event,veterans,1,"Christmas of 1968 was a holiday season marked by cultural shifts, political tensions, and the Apollo 8 mission orbiting the Moon in December."
san simeon beach,Place,veterans,1,"San Simeon Beach, located in California along the Pacific Coast Highway, is known for its scenic views, elephant seal rookery, and access to Hearst Castle."
laundry department,Profession,veterans,1,"Laundry department professionals manage and execute the cleaning, maintenance, and distribution of linens and garments within a facility, ensuring hygiene and organization."
poughkeepsie,Place,veterans,1,"Poughkeepsie is a city in New York's Hudson Valley, known for its waterfront location on the Hudson River and historic architecture like the Walkway Over the Hudson."
mayor,Profession,veterans,1,"A mayor is an elected official who serves as the chief executive of a city or town, responsible for leading local government and representing the community."
southern california,Place,veterans,1,"Southern California is a geographically and culturally diverse region in the southern part of California, known for its beaches, entertainment industry, and large population."
lab techs,Profession,veterans,1,"Lab techs are professionals who perform laboratory tests and procedures, analyze samples, and maintain lab equipment in various scientific and medical settings."
farming,Profession,veterans,1,"Farming is the profession of cultivating land and raising crops or livestock for food, fiber, and other agricultural products, often involving specific techniques and knowledge."
The Transporter Refueled,Work,twitter,1,
neurosurgery,Profession,veterans,1,"Neurosurgery is a medical specialty focused on the diagnosis and surgical treatment of disorders affecting the brain, spinal cord, and peripheral nerves."
countryside,Place,veterans,1,"Countryside generally refers to a rural area characterized by farms, small towns, and natural landscapes, often associated with agriculture and outdoor recreation."
construction battalions,Organization,veterans,1,"Construction battalions are military units, primarily in the US Navy Seabees, that build infrastructure and provide construction support for military operations worldwide."
m1 rifle,Profession,veterans,1,"I cannot provide a description for ""m1 rifle"" as a profession, as it is a type of firearm, not a job or occupation."
police officer,Profession,veterans,1,"A police officer is a law enforcement professional responsible for maintaining order, preventing crime, and protecting citizens within a specific jurisdiction."
rubber plantations,Place,veterans,1,"Rubber plantations are agricultural sites, primarily in Southeast Asia and Africa, cultivated for the commercial production of natural rubber from rubber trees."
nursing,Profession,veterans,1,"Nursing is a healthcare profession focused on the care of individuals, families, and communities to help them recover from illness and maintain optimal health and well-being."
career development program,Event,veterans,1,"The career development program is an event offering workshops and resources to help individuals advance their careers, typically held annually at various locations."
sicily,Place,veterans,1,"Sicily is an Italian island located in the Mediterranean Sea, known for its rich history, diverse culture, and Mount Etna volcano."
forty and eights,Event,veterans,1,"The ""Forty and Eight"" was a fundraising campaign during World War I where each boxcar represented 40 men or 8 horses, raising money for French war orphans."
north vietnamese,Person,veterans,1,"A North Vietnamese person was a citizen or resident of North Vietnam, also known as the Democratic Republic of Vietnam, existing from 1945 to 1976."
motor pool,Profession,veterans,1,"A motor pool professional manages and maintains a fleet of vehicles, ensuring their operational readiness and coordinating their use for transportation needs."
scottish gentlemen,Person,veterans,1,"Scottish gentlemen are men from Scotland, often known for their contributions to literature, science, and the arts, and sometimes associated with traditional attire like kilts."
434th wing,Organization,veterans,1,"The 434th Air Refueling Wing, based at Grissom Air Reserve Base in Indiana, is a U.S. Air Force Reserve unit specializing in aerial refueling operations."
Oct-25,Event,veterans,1,"October 25th is a date that has seen various historical events occur throughout history, ranging from political milestones to cultural happenings across the globe."
pacific,Place,veterans,1,"The Pacific Ocean is the world's largest ocean, located between Asia and the Americas, known for its vastness, diverse marine life, and strategic importance."
atomic bomb,Event,veterans,1,"The atomic bomb was detonated by the U.S. in Hiroshima and Nagasaki, Japan, in August 1945, leading to immense destruction and hastening the end of World War II."
chiang kai-shek,Person,veterans,1,Chiang Kai-shek was a 20th-century Chinese political and military leader who served as the leader of the Republic of China between 1928 and 1975.
752nd engineers,Organization,veterans,1,"The 752nd Engineer Battalion is a US Army Reserve unit based in Massachusetts, specializing in construction and engineering operations to support military missions."
my own father,Person,veterans,1,"My father is a dedicated family man known for his strong work ethic and love for [mention a hobby or interest, e.g., woodworking or gardening]."
old buddies,Person,veterans,1,"Old Buddies are a group of close friends known for their camaraderie and shared experiences, often reminiscing about their past adventures and supporting each other through life's challenges."
chinese,Person,veterans,1,"Chinese philosopher Confucius, also known as Kong Qui, lived during the Spring and Autumn period and is credited with shaping much of East Asian thought."
spec 5,Profession,veterans,1,"""Spec 5"" is a non-commissioned officer rank in the U.S. Army, denoting a specialist with technical skills and leadership responsibilities, existing before 1985."
saint-lô,Place,veterans,1,"Saint-Lô is a town in Normandy, France, known as the ""Capital of Ruins"" due to its extensive destruction during World War II and subsequent reconstruction."
local law enforcement officers,Profession,veterans,1,"Local law enforcement officers are professionals responsible for maintaining order, enforcing laws, and ensuring public safety within a specific jurisdiction or community."
english people,Person,veterans,1,"English people are individuals originating from England, known for their contributions to culture, science, and history, and often associated with the United Kingdom."
villagers,Person,veterans,1,"Villagers are non-player characters in Minecraft who populate villages, trade items, and follow daily routines like farming and sleeping."
Great Wall of China,Place,twitter,1,
New York Yankees,Organization,twitter,1,
YouTube,Organization,twitter,1,
fort riley,Place,veterans,1,"Fort Riley, located in Kansas, is a U.S. Army installation known as the home of the 1st Infantry Division and a major training center."
18th surgical must hospital,Organization,veterans,1,"The 18th Surgical MUST Hospital was a mobile Army surgical hospital of the U.S. Army, providing frontline medical care during wartime operations."
c-130,Event,veterans,1,"C-130 refers to various incidents involving the Lockheed C-130 Hercules aircraft, a military transport plane, occurring at different times and locations."
ve-day,Event,veterans,1,"Victory in Europe Day, celebrated on May 8, 1945, marks the formal acceptance of Nazi Germany's unconditional surrender, ending World War II in Europe."
airport,Place,veterans,1,"An airport is a place, often located near a city, that provides facilities for aircraft to take off and land, enabling air travel and transportation."
marseille,Place,veterans,1,"Marseille is a major port city in southern France, known for its vibrant multicultural atmosphere, historical significance, and beautiful Mediterranean coastline."
colleagues,Person,veterans,1,"Colleagues are individuals who work together in a shared profession or workplace, often collaborating on projects and sharing common goals within an organization."
teaching career,Profession,veterans,1,"Teaching involves educating students of various ages and subjects, often requiring specialized knowledge, pedagogical skills, and dedication to fostering learning."
army reserve,Organization,veterans,1,"The Army Reserve is a component of the U.S. Army providing trained personnel for national defense and homeland security, with units located across the United States."
recruiter,Profession,veterans,1,"A recruiter is a professional who specializes in sourcing, screening, and interviewing candidates to fill job openings within organizations, often working in human resources."
hawaii,Place,veterans,1,"Hawaii is a U.S. state located in the Pacific Ocean, known for its beautiful beaches, volcanic landscapes, and unique Polynesian culture."
champs-élysées,Place,veterans,1,"The Champs-Élysées is a famous avenue in Paris, France, known for its theaters, cafés, luxury shops, and as the finish line of the Tour de France."
tornadoes,Event,veterans,1,Tornadoes are destructive weather events characterized by a violently rotating column of air touching both the surface of the earth and a cumulonimbus cloud.
california national guard,Organization,veterans,1,"The California National Guard is a state-level military force based in California, responsible for emergency response, disaster relief, and supporting federal missions."
basketball,Event,veterans,1,"Basketball is a team sport played on a rectangular court, typically indoors, where two teams compete to shoot a ball through a hoop to score points."
752nd engineer part supply company,Organization,veterans,1,"The 752nd Engineer Part Supply Company was a unit of the United States Army responsible for providing engineering supplies, operating primarily during World War II."
infiltration courses,Profession,veterans,1,"Infiltration courses are training programs, often military or law enforcement related, that teach techniques for gaining unauthorized access to secured areas or systems."
april fool's day,Event,veterans,1,April Fool's Day is an annual celebration on April 1st where people play practical jokes and hoaxes on each other.
mortar fire,Event,veterans,1,"Mortar fire is a military event involving the launching of mortar rounds, often used for indirect fire support, with location and timing dependent on the conflict."
peace movement,Event,veterans,1,"The peace movement is a broad, ongoing series of demonstrations, advocacy, and activism events worldwide, aimed at preventing war and promoting peaceful conflict resolution."
new york harbor,Place,veterans,1,"New York Harbor is a major port and estuary located at the mouth of the Hudson River in New York City, known for its shipping activity and iconic landmarks."
Batman v Superman Dawn of Justice,Work,twitter,1,
naval communication school,Organization,veterans,1,"The Naval Communication School trains Navy personnel in communication technologies and strategies, located at various naval bases worldwide."
95th evacuation hospital,Organization,veterans,1,The 95th Evacuation Hospital was a mobile U.S. Army medical unit that provided crucial surgical and medical care to soldiers during World War II in the European Theater.
baker,Profession,veterans,1,"A baker is a skilled professional who prepares and bakes bread, cakes, pastries, and other baked goods, often working in bakeries, restaurants, or grocery stores."
vietnamese people,Person,veterans,1,"Vietnamese people are an ethnic group primarily located in Vietnam, known for their distinct culture, language, and history, particularly their resilience and traditions."
palermo,Place,veterans,1,"Palermo is the capital city of Sicily, Italy, known for its rich history, architecture showcasing Arab-Norman influences, vibrant street markets, and delicious Sicilian cuisine."
Chris Pine,Person,twitter,1,
war exercises,Event,veterans,1,"War exercises are military training events involving simulated combat scenarios, often conducted by multiple nations to enhance readiness and cooperation, taking place at various locations and times."
bunkers,Place,veterans,1,"Bunkers are fortified, often underground, structures designed for protection, found worldwide and historically used for military defense or secure storage."
Holi,Event,twitter,1,
mustangs,Organization,veterans,1,"The Mustangs are a youth sports organization based in [Location], known for providing [Sport/Activity] programs and fostering skill development in young athletes."
XMen The Last Stand,Work,twitter,1,
surgeons,Profession,veterans,1,"Surgeons are medical professionals who perform operations to treat injuries, diseases, and other conditions, often specializing in specific areas of the body or surgical techniques."
berm,Place,veterans,1,"Berm is a raised barrier or embankment, often made of earth, used for various purposes like flood control, landscaping, or as a defensive structure in a specific location."
troop train,Event,veterans,1,"A troop train is a railway transport event, typically during wartime, moving military personnel to deployment locations or training facilities."
tet offensive,Event,veterans,1,"The Tet Offensive was a series of surprise attacks by North Vietnam and the Viet Cong during the Tet holiday in 1968, targeting South Vietnamese cities and US military bases."
chemical engineering,Profession,veterans,1,"Chemical engineering is a profession that applies principles of chemistry, physics, mathematics, and economics to design, develop, and optimize chemical processes and products."
control center,Place,veterans,1,"A control center is a central location where personnel monitor and manage operations, often using technology to oversee complex systems or facilities."
freshman year,Event,veterans,1,"Freshman year is the first year of high school or college, marking a student's initial transition into a new academic environment and social experiences."
Pakistan national cricket team,Organization,twitter,1,
guard posts,Place,veterans,1,"Guard posts are fortified locations, often near borders or sensitive areas, used for surveillance and defense by military or security personnel."
three-story building,Place,veterans,1,"A three-story building is a structure, often residential or commercial, characterized by having three distinct levels or floors and located in a specific area."
the captain's office,Place,veterans,1,"The captain's office is a designated room, often aboard a ship or in a naval facility, serving as the captain's command center and workspace."
Tom Hanks,Person,twitter,1,
steak dinner,Event,veterans,1,"A steak dinner is a meal event, often held at restaurants or homes, featuring steak as the main course, and can be associated with celebrations or special occasions."
1944,Event,veterans,1,"1944 was a year marked by significant events in World War II, including the D-Day landings in Normandy and the Battle of the Bulge."
battle of leyte gulf,Event,veterans,1,"The Battle of Leyte Gulf, a decisive naval battle in the Pacific Theater of World War II, occurred in October 1944 in the waters near the Philippines."
local residents,Person,veterans,1,"Local residents are individuals who live in a particular area, contributing to the community through their daily lives, work, and participation in local affairs."
pusan,Place,veterans,1,"Busan, South Korea's second-largest city, is a major port known for its beaches, mountains, and the Busan International Film Festival."
"january 15, 1942",Event,veterans,1,"January 15, 1942, marks the date when Japanese forces launched an offensive against Burma during World War II, aiming to capture the country."
surgical techs,Profession,veterans,1,"Surgical techs are healthcare professionals who assist surgeons during operations, ensuring a sterile environment and handling instruments, typically working in hospitals and surgical centers."
snow,Event,veterans,1,"Snow is a meteorological event involving frozen water crystals falling from the atmosphere, typically occurring in cold climates and at higher altitudes."
kansas,Place,veterans,1,"Kansas is a Midwestern U.S. state known for its vast prairies, agricultural production, and the iconic ""Wizard of Oz"" imagery."
radioman,Profession,veterans,1,"A radioman is a professional who communicates and broadcasts information or entertainment through radio transmissions, often operating equipment and managing content."
Libertarian Party United States,Organization,twitter,1,
wright-patterson air force base,Place,veterans,1,"Wright-Patterson Air Force Base, located in Ohio, is a major US Air Force installation known for its research, development, and acquisition activities."
Transformers Age of Extinction,Work,twitter,1,
edwards air force base,Place,veterans,1,"Edwards Air Force Base, located in California, is a primary flight test center for the U.S. Air Force, known for its long runways and aerospace research."
Under the Skin 2013 film,Work,twitter,1,
tank support,Event,veterans,1,"The tank support event occurred on an unspecified date and location, likely involving providing assistance or resources to tanks in a military context."
wharton school,Organization,veterans,1,"The Wharton School is the business school of the University of Pennsylvania, located in Philadelphia, renowned for its finance and management programs."
Into the Forest,Work,twitter,1,
hamburger hill,Event,veterans,1,Hamburger Hill was a bloody and controversial May 1969 battle during the Vietnam War in which US forces repeatedly assaulted entrenched North Vietnamese positions.
vietnamese locals,Person,veterans,1,"Vietnamese locals are individuals residing in Vietnam, known for their rich culture, resilience, and contributions to the country's diverse society and economy."
us,Organization,veterans,1,"The United States is a federal republic in North America, known for its diverse economy, culture, and global influence."
specialist 4,Profession,veterans,1,"Specialist 4 is a junior enlisted rank in the U.S. Army, denoting a soldier with specialized skills and leadership potential, often serving in technical or support roles."
yokohama,Place,veterans,1,"Yokohama, located in Japan, is a major port city known for its historical significance as one of the first Japanese ports opened to foreign trade."
front lines,Place,veterans,1,"The front lines are the contested areas where opposing armed forces engage in combat, often characterized by intense fighting and strategic importance in a conflict."
scr-300 radio,Event,veterans,1,The SCR-300 radio was a backpack-mounted FM transceiver used extensively by the U.S. Army during World War II for short-range infantry communications.
buildings,Place,veterans,1,"Buildings are structures, often located in urban areas, serving various purposes such as residences, offices, or landmarks, and are defined by their architectural design and function."
vietnam war,Event,veterans,1,"The Vietnam War, lasting from the 1950s to 1975, was a conflict in Vietnam involving communist North Vietnam against South Vietnam and its allies, notably the United States."
Boston Red Sox,Organization,twitter,1,
Getaway 28film29,Work,twitter,1,
Boyhood 28film29,Work,twitter,1,
mortar ammunition,Event,veterans,1,"The event involved the use of mortar ammunition, but further details regarding the date, location, and specific circumstances are needed for a complete description."
civilians,Person,veterans,1,"Civilians are non-military individuals, often residing in a particular region or country, who are protected under international humanitarian law during armed conflicts."
protests,Event,veterans,1,"Protests are public gatherings where people express their opinions or concerns, often involving marches, rallies, or demonstrations, typically occurring in public spaces."
dayton,Place,veterans,1,"Dayton, Ohio, is a city known for its aviation history, being the birthplace of the Wright brothers and home to the National Museum of the U.S. Air Force."
german rifle,Profession,veterans,1,"This appears to be an error, as ""german rifle"" is an object, not a profession. Please provide a valid entity and type."
reservoirs,Place,veterans,1,"Reservoirs are artificial lakes, often located near populated areas, used for storing water for drinking, irrigation, and hydroelectric power generation."
driver,Person,veterans,1,"A driver is a person who operates a vehicle, often professionally transporting people or goods, and is identified by their license and driving record."
german,Person,veterans,1,"A German person is a citizen or resident of Germany, known for their contributions to fields like science, philosophy, engineering, and the arts."
65 years since graduation,Event,veterans,1,"The ""65 years since graduation"" event likely marks a reunion or celebration for a graduating class, commemorating their shared academic history and achievements since that time."
veterans history project,Organization,veterans,1,"The Veterans History Project, based in the Library of Congress, collects, preserves, and makes accessible the firsthand accounts of U.S. veterans from all wars."
insurance adjuster,Profession,veterans,1,"An insurance adjuster investigates insurance claims, assessing damage and determining the appropriate settlement amount, often working for insurance companies."
waves,Organization,veterans,1,"Waves is a non-profit organization based in Seattle, Washington, dedicated to providing clean water and sanitation solutions to communities in need around the world."
german high command,Organization,veterans,1,"The German High Command (Oberkommando der Wehrmacht) was the supreme command of Nazi Germany's armed forces during World War II, directing military operations across all theaters."
Drake musician,Person,twitter,1,
americans,Person,veterans,1,"Americans are people who are citizens or nationals of the United States of America, often recognized for their diverse culture and contributions across various fields."
175-millimeter self-propelled howitzers,Profession,veterans,1,"I cannot provide a description for the entity ""175-millimeter self-propelled howitzers"" as a profession, as it is a type of artillery gun, not a job or occupation."
americal division,Organization,veterans,1,"The Americal Division was a U.S. Army infantry division, primarily operating in the Pacific Theater during World War II, known for its service in Guadalcanal and other campaigns."
22 Jump Street,Work,twitter,1,
navy medical program,Organization,veterans,1,"The Navy Medical Program provides healthcare services to Navy personnel and their families, operating globally with a focus on readiness and medical innovation."
palace of versailles,Place,veterans,1,"The Palace of Versailles, located near Paris, France, is a lavish palace renowned for its opulent architecture, extensive gardens, and historical significance as the former royal residence."
New Orleans Pelicans,Organization,twitter,1,
uss new jersey,Place,veterans,1,"The USS New Jersey is a US Navy Iowa-class battleship, now a museum ship in Camden, New Jersey, known for its service in World War II, Korea, Vietnam, and the Persian Gulf."
ncos,Profession,veterans,1,"Non-commissioned officers are military professionals who lead enlisted personnel, ensuring discipline, training, and effective mission execution within their respective armed forces."
christmas of '43,Event,veterans,1,"Christmas of '43 was a holiday season during World War II, marked by wartime rationing and a somber atmosphere across the globe."
bulldozers,Profession,veterans,1,"This appears to be an error, bulldozers are not a profession. Bulldozers are heavy equipment used in construction and demolition, known for their powerful blades and tracks."
math,Profession,veterans,1,"A mathematician is a professional who uses extensive knowledge of mathematics in their work, often conducting research to solve problems or developing new theories."
carson-newman college,Organization,veterans,1,"Carson-Newman University, located in Jefferson City, Tennessee, is a private Baptist university known for its liberal arts programs and commitment to Christian values."
john purdue,Person,veterans,1,"John Purdue was an American industrialist who made his fortune in Lafayette, Indiana, and is best known as the primary founder and namesake of Purdue University."
CategoryBerkshire Hathaway,Organization,twitter,1,
refugee town,Place,veterans,1,"A refugee town is a settlement, often temporary, established to house and support displaced people fleeing conflict or disaster, providing shelter, aid, and essential services."
first army,Organization,veterans,1,"The First Army was a field army of the United States Army that served in both World War I and World War II, known for its key role in major European campaigns."
memorial services,Event,veterans,1,"Memorial services are events held to honor and remember a deceased person, often including eulogies, prayers, and shared memories, taking place shortly after death or on an anniversary."
women marine association,Organization,veterans,1,The Women Marines Association is a non-profit organization in the United States dedicated to supporting and honoring women who have served or are serving in the Marine Corps.
The Sex Lives of Siamese Twins,Work,twitter,1,
french,Person,veterans,1,French is a hip-hop artist and songwriter known for his contributions to the hip-hop scene and unique musical style.
camp roberts,Place,veterans,1,"Camp Roberts is a California National Guard training facility located in central California, known for its role in military training and readiness exercises."
fort meade,Place,veterans,1,"Fort Meade, located in Maryland, is a U.S. Army installation known for being the headquarters of the United States Cyber Command and the National Security Agency."
waukegan,Place,veterans,1,"Waukegan is a city in Illinois, located on Lake Michigan, known for its harbor, industry, and as the county seat of Lake County."
Louis CK,Person,twitter,1,
new recruits,Person,veterans,1,"New recruits are individuals newly enlisted or hired into an organization, often undergoing initial training and assessment to integrate into their roles."
hispanic,Person,veterans,1,"Hispanic refers to a person of Spanish-speaking origin or descent, often associated with Latin America and Spain, and recognized for their cultural contributions."
104th infantry division,Organization,veterans,1,"The 104th Infantry Division, nicknamed the ""Timberwolves,"" was a U.S. Army division active in World War I and World War II, known for its training methods and combat in Europe."
Kylie Jenner,Person,twitter,1,
The Zombie Survival Guide,Work,twitter,1,
bowling alleys,Place,veterans,1,"Bowling alleys are indoor recreational facilities, often found in urban areas, offering lanes for bowling and typically associated with social gatherings and league play."
The Bridges of Madison County,Work,twitter,1,
civilian worker,Person,veterans,1,"A civilian worker is an individual employed by a government or military organization in a non-military capacity, often providing administrative, technical, or support services."
italy,Place,veterans,1,"Italy, located in Southern Europe, is known for its rich history, art, cuisine, and fashion, with major cities like Rome, Florence, and Milan."
cam ranh bay,Place,veterans,1,"Cam Ranh Bay is a deep-water bay in Khánh Hòa Province, Vietnam, known for its strategic importance and as a site for naval facilities."
"december 7th, 1941",Event,veterans,1,"December 7th, 1941, was the date of the surprise attack by the Japanese on Pearl Harbor, Hawaii, which led to the United States entering World War II."
fort benjamin harrison,Place,veterans,1,"Fort Benjamin Harrison, located in Indiana, is a former U.S. Army post known for its historic architecture, golf courses, and recreational areas."
Banjo,Product,twitter,1,
the service,Profession,veterans,1,"""The service"" likely refers to military service, a profession involving defending a nation, often requiring specialized training and deployment to various locations."
chemistry,Profession,veterans,1,"Chemistry is a scientific profession focused on studying the composition, structure, properties, and reactions of matter, often involving experimentation and analysis."
patients,Person,veterans,1,"Patients are individuals receiving medical care or treatment from healthcare providers, often characterized by their medical history, symptoms, and treatment plans."
interior guard duty,Event,veterans,1,"Interior guard duty is a military assignment, occurring at a specific base or location, focused on maintaining security and enforcing regulations within that area."
Karachi,Place,twitter,1,
The 5th Wave 28novel29,Work,twitter,1,
asia,Place,veterans,1,"Asia is the world's largest continent, located primarily in the Eastern and Northern Hemispheres, known for its diverse cultures, landscapes, and historical significance."
far eastern command,Organization,veterans,1,"The Far Eastern Command was a unified combatant command of the U.S. Department of Defense responsible for U.S. military operations in the Far East, active from 1947 to 1957."
bien hoa air force base,Place,veterans,1,"Bien Hoa Air Force Base is a military airport in Bien Hoa, Vietnam, known for its role during the Vietnam War as a major US airbase."
alençon,Place,veterans,1,"Alençon is a town in Normandy, France, known for its exquisite needlepoint lace and historical connections to the Dukes of Alençon."
nashville,Place,veterans,1,"Nashville, located in Tennessee, is known as the ""Music City"" and is famous for its vibrant country music scene, historical landmarks, and thriving entertainment industry."
Cleveland Cavaliers,Organization,twitter,1,
united states marine corps,Organization,veterans,1,"The United States Marine Corps is a branch of the U.S. Armed Forces responsible for providing power projection from the sea, with headquarters in Arlington, Virginia."
We Are Your Friends 28film29,Work,twitter,1,
Chicago Bulls,Organization,twitter,1,
leading music,Profession,veterans,1,"A leading music professional excels in composing, performing, or producing music, often recognized for innovation, influence, or commercial success in the music industry."
The House of Magic,Work,twitter,1,
american indian,Person,veterans,1,"An American Indian is a person indigenous to the Americas, often recognized for their cultural heritage, traditions, and historical connection to the land."
firebase,Place,veterans,1,"Firebase is a cloud-hosted platform located in Mountain View, California, known for providing developers with tools and services to build and grow apps."
infantry soldiers,Person,veterans,1,"Infantry soldiers are military personnel who engage in combat primarily on foot, often trained in weapons and tactics for close-quarters battles."
LinkedIn,Organization,twitter,1,
The New Adventures of Snow White,Work,twitter,1,
shore,Place,veterans,1,"The Shore is a waterfront area in Leith, Edinburgh, Scotland, known for its restaurants, bars, and historic docks along the Firth of Forth."
divorce,Event,veterans,1,"Divorce is a legal event marking the dissolution of a marriage, occurring in a specific jurisdiction and involving legal proceedings to divide assets and responsibilities."
night,Event,veterans,1,"Night is the period of darkness between sunset and sunrise, occurring daily as the Earth rotates away from the sun."
ship,Place,veterans,1,"A ship is a large vessel used for navigating waterways, often for transportation, exploration, or warfare, and can be found on oceans, lakes, and rivers worldwide."
downtown,Place,veterans,1,"Downtown is the central business district of a city, typically known for its concentration of commercial, retail, and cultural establishments."
12 Years a Slave 28film29,Work,twitter,1,
nazis,Organization,veterans,1,"The Nazis were a far-right political party in Germany (1920-1945) known for their fascist ideology, antisemitism, and role in starting World War II."
vietnam veterans,Person,veterans,1,"Vietnam veterans are individuals who served in the armed forces during the Vietnam War, often facing unique challenges and contributing to American history."
rest home,Place,veterans,1,"A rest home is a residential facility, often located in a suburban or rural area, providing long-term care and support services for elderly or disabled individuals."
Jigarthanda,Work,twitter,1,
hiroshima,Place,veterans,1,"Hiroshima is a city in Japan, known for being the target of the first atomic bombing during World War II and its subsequent reconstruction."
law school,Place,veterans,1,"A law school is a professional graduate school, often located within a university, that provides legal education and awards law degrees like the Juris Doctor (JD)."
leadership school,Event,veterans,1,"The leadership school event is a training program held annually in Washington D.C., focused on developing leadership skills for aspiring professionals."
7th infantry division,Organization,veterans,1,"The 7th Infantry Division is a U.S. Army division based at Joint Base Lewis-McChord, Washington, known for its light infantry capabilities and deployments in World War II, Korea, and Panama."
veterans of world war ii,Person,veterans,1,"Veterans of World War II are individuals who served in armed forces during the global conflict from 1939 to 1945, fighting against Axis powers."
312th evac hospital unit,Organization,veterans,1,The 312th Evacuation Hospital Unit was a mobile U.S. Army medical unit that provided crucial medical care to soldiers during World War II in the European Theater.
american saxophone,Profession,veterans,1,"This appears to be an error. ""American saxophone"" is not a profession, but a musical instrument."
sikh soldiers,Person,veterans,1,"Sikh soldiers are known for their distinctive appearance, unwavering courage, and significant contributions to military forces, particularly in the Indian Army."
yellow jaundice,Event,veterans,1,"Yellow jaundice, occurring when bilirubin builds up in the blood, causes yellowing of the skin and eyes, often indicating liver or gallbladder issues."
indiana,Place,veterans,1,"Indiana, a Midwestern U.S. state, is known for its agriculture, manufacturing, and the Indianapolis 500 motor race."
camp claiborne,Place,veterans,1,"Camp Claiborne, located in Louisiana, was a U.S. Army training camp during World War II, known for its signal corps and engineer training programs."
motor officer,Profession,veterans,1,"A motor officer is a law enforcement professional who patrols and enforces traffic laws using a motorcycle, often requiring specialized training and skills."
Mohammed bin Rashid Al Maktoum,Person,twitter,1,
331st infantry,Organization,veterans,1,"The 331st Infantry Regiment was a unit of the United States Army that served in World War I and World War II, primarily in Europe."
cold war,Event,veterans,1,"The Cold War was a geopolitical standoff between the US and the Soviet Union from the mid-1940s to 1991, characterized by ideological conflict, proxy wars, and nuclear threat."
army nurse corps,Organization,veterans,1,The Army Nurse Corps is a U.S. Army branch established in 1901 that provides nursing care to soldiers and their families worldwide.
french girls,Person,veterans,1,"""French girls"" is a song by the Canadian rock band Sum 41, released in 2011 as a promotional single from their fifth studio album, *Screaming Bloody Murder*."
boot camp,Event,veterans,1,"Boot camp is a physically and mentally demanding training event, often held at military bases, designed to prepare recruits for service through rigorous exercises and discipline."
fall of 1968,Event,veterans,1,"The fall of 1968 was a period of intense political and social upheaval globally, marked by protests, demonstrations, and significant events like the Prague Spring."
The Hobbit,Work,twitter,1,
fort eustis,Place,veterans,1,"Fort Eustis, located in Newport News, Virginia, is a U.S. Army installation known for its transportation and aviation training, and home to various military units."
state policemen,Profession,veterans,1,"State policemen are law enforcement officers employed by a state government, responsible for maintaining law and order, enforcing traffic laws, and providing public safety services within the state."
logistical command,Organization,veterans,1,"The logistical command is a military organization responsible for managing and coordinating the supply, transportation, and maintenance of equipment and personnel, often operating within a specific region."
physical exams,Event,veterans,1,"Physical exams are routine medical evaluations conducted to assess overall health, often including checking vital signs and screening for potential health issues."
selfridge field,Place,veterans,1,"Selfridge Field is a military airbase located in Harrison Township, Michigan, known for its long history of aviation and its current role as home to the Selfridge Air National Guard Base."
A Thousand Splendid Suns,Work,twitter,1,
la ginza,Place,veterans,1,"La Ginza is a high-end shopping district in Tokyo, Japan, known for its upscale boutiques, department stores, restaurants, and entertainment venues."
battalion,Profession,veterans,1,"A battalion is a military unit, typically composed of 300 to 800 soldiers, commanded by a lieutenant colonel, and often forms part of a larger regiment or brigade."
construction,Profession,veterans,1,"Construction professionals oversee building projects, ensuring structural integrity, safety, and adherence to design specifications, contributing to infrastructure development and urban landscapes."
machine gun fire,Event,veterans,1,"Machine gun fire is a rapid, sustained firing of bullets from a machine gun, often used in military conflicts and sometimes resulting in casualties."
secretarial course,Profession,veterans,1,"A secretarial course is a training program that equips individuals with administrative, organizational, and communication skills necessary for supporting office professionals."
farm,Profession,veterans,1,"A farmer is a person who cultivates land and raises crops or livestock, typically managing agricultural operations for food production or sale."
cheltenham,Place,veterans,1,"Cheltenham is a spa town in Gloucestershire, England, known for its Regency architecture, annual horse racing festival, and prestigious schools."
Jeff Weiner,Person,twitter,1,
luftwaffe,Organization,veterans,1,"The Luftwaffe was the aerial warfare branch of the German Wehrmacht during World War II, known for its role in strategic bombing and air superiority."
m-16,Profession,veterans,1,"This appears to be an error, as ""m-16"" is a rifle, not a profession; a more appropriate description would require knowing the correct entity and type."
Dances with Wolves,Work,twitter,1,
91-b,Profession,veterans,1,"I am unable to provide a description for the entity ""91-b"" as I do not have enough information about this profession."
united states air force,Organization,veterans,1,"The United States Air Force is the aerial warfare service branch of the U.S. military, responsible for air and space operations, with headquarters at the Pentagon."
Agatha Christie,Person,twitter,1,
IBM,Organization,twitter,1,
sons,Person,veterans,1,"Sons is a South Korean boy band formed by SM Entertainment, known for their hit songs and global influence in K-pop."
college,Place,veterans,1,"A college is a higher education institution, often located in a town or city, offering undergraduate degrees and sometimes graduate programs in various academic disciplines."
veterans organization,Organization,veterans,1,"A veterans organization supports former military personnel through advocacy, community building, and resource provision, often operating nationally or locally."
The Last Airbender,Work,twitter,1,
american gis,Person,veterans,1,"American GIs were United States Army soldiers, known for their service in World War II and subsequent conflicts, often recognized by their distinctive uniforms and contributions."
combat training,Event,veterans,1,"Combat training is a military exercise where soldiers practice fighting techniques and strategies, often held at military bases or training grounds."
rockefeller center,Place,veterans,1,"Rockefeller Center is a large complex in Midtown Manhattan, New York City, known for its art deco architecture, ice-skating rink, and observation deck."
The Grand Budapest Hotel,Work,twitter,1,
rotc,Organization,veterans,1,"ROTC is a college-based officer training program in the United States, preparing students for military service upon graduation."
small town,Place,veterans,1,"A small town is a populated place, typically in a rural area, known for its close-knit community and slower pace of life compared to larger cities."
aviation battalions,Profession,veterans,1,"Aviation battalions are military units specializing in aviation operations, providing air support, reconnaissance, and transportation for ground forces, often deployed in combat zones."
General Electric,Other,twitter,1,
camp casey,Place,veterans,1,"Camp Casey, located in Dongducheon, South Korea, is a U.S. Army base serving as a key installation near the Korean Demilitarized Zone."
short-timers,Person,veterans,1,"Short-timers are U.S. military personnel nearing the end of their enlistment, known for their reduced motivation and focus on their upcoming discharge."
transportation office,Profession,veterans,1,"A transportation office manages and oversees transportation systems, infrastructure, and related services within a specific region or organization."
law enforcement,Profession,veterans,1,"Law enforcement is the profession dedicated to upholding laws through detection, investigation, and apprehension of individuals suspected of criminal activity, ensuring public safety."
swing shift,Event,veterans,1,"Swing shift is a work schedule, often in factories or hospitals, where a group of workers takes over from another, typically during the evening or night."
Magic in the Moonlight,Work,twitter,1,
young man,Person,veterans,1,"This individual is a male in his youth, typically characterized by his age and potential for future development and accomplishments."
teacher,Profession,veterans,1,"A teacher is an educator who instructs students in various subjects, fostering their intellectual and personal growth through curriculum delivery and guidance."
patrol,Event,veterans,1,"Patrol was a cybersecurity conference held annually in Singapore, focusing on offensive and defensive security techniques, threat intelligence, and incident response."
"seattle, washington",Place,veterans,1,"Seattle, Washington, is a major coastal city in the Pacific Northwest known for its coffee culture, tech industry, and iconic landmarks like the Space Needle."
bob hope,Person,veterans,1,"Bob Hope was a British-American comedian, actor, singer, and dancer, known for his decades-long career entertaining troops and starring in numerous films and television shows."
18th surgical hospital,Place,veterans,1,"The 18th Surgical Hospital was a U.S. Army medical facility located in Vietnam during the Vietnam War, providing crucial surgical care to soldiers."
sauerkraut factory,Place,veterans,1,"A sauerkraut factory is a food processing plant, typically located in regions with cabbage farming, that specializes in fermenting cabbage to produce sauerkraut."
dances,Event,veterans,1,"""Dances"" refers to social gatherings or performances, often involving music and rhythmic movement, that occur at various times and locations for entertainment or cultural expression."
the other boy,Person,veterans,1,"""The other boy"" is a character, likely a child or adolescent, within a narrative, whose defining characteristics and role are dependent on the specific story."
my girlfriend,Person,veterans,1,"My girlfriend is a kind and supportive individual known for her intelligence, creativity, and dedication to her work as a software engineer."
knitting,Event,veterans,1,"Knitting is a textile art and craft event where yarn is manipulated to create fabric, often involving needles, and can occur anywhere, anytime."
great-uncle,Person,veterans,1,"A great-uncle is a relative, specifically the brother of one's grandparent, often known for sharing family history and stories."
whorehouse,Place,veterans,1,"A whorehouse is a building or structure where prostitution commonly takes place, often characterized by rooms for sexual activity and a manager overseeing operations."
Jun-44,Event,veterans,1,"Jun-44 refers to the Normandy landings, a pivotal World War II event that occurred in June 1944 on the beaches of Normandy, France, marking the start of the Allied liberation of Europe."
texas,Place,veterans,1,"Texas, located in the South Central U.S., is known for its vast landscapes, oil production, and unique cultural heritage, including Tex-Mex cuisine and country music."
dongducheon,Place,veterans,1,"Dongducheon is a city in Gyeonggi Province, South Korea, known for its proximity to US military bases and mountainous landscapes popular for hiking."
pershing rifles,Organization,veterans,1,"Pershing Rifles is a military-oriented fraternal organization active in the United States, focusing on drill and ceremony training for college students interested in military careers."
german fighter planes,Organization,veterans,1,"German fighter planes likely refers to Luftwaffe fighter aircraft during World War II, known for their advanced technology and role in the air war over Europe."
The Giver 28film29,Work,twitter,1,
6th of the 27th artillery,Organization,veterans,1,The 6th of the 27th Artillery is a French Army artillery regiment known for its specialized mountain warfare capabilities and deployment in alpine regions.
And the Mountains Echoed,Work,twitter,1,
91-d,Profession,veterans,1,"I am sorry, I cannot provide a description for the entity ""91-d"" as it is not a recognized profession."
military police unit,Organization,veterans,1,"A military police unit enforces laws and regulations within the armed forces, maintaining order and security on military installations and during operations."
assistant crew chief,Profession,veterans,1,"An assistant crew chief supports the crew chief in maintaining and repairing aircraft, vehicles, or equipment, ensuring operational readiness and safety."
infantrymen,Profession,veterans,1,"Infantrymen are soldiers who fight on foot, often using rifles and other light weapons, and are crucial for ground combat operations."
aircraft carriers,Place,veterans,1,"Aircraft carriers are large warships that serve as mobile naval airbases, enabling the deployment and recovery of aircraft at sea, crucial for projecting power globally."
the course,Event,veterans,1,"The Course was a professional golf tournament held annually in Ponte Vedra Beach, Florida, featuring top PGA Tour golfers competing for a prestigious title."
Lolita,Work,twitter,1,
Conservative Party of Canada,Organization,twitter,1,
uso,Organization,veterans,1,"The USO is a non-profit organization that provides morale, welfare, and recreational services to U.S. military personnel and their families worldwide."
military police,Organization,veterans,1,"Military police are law enforcement agencies within armed forces, responsible for maintaining order, enforcing laws, and providing security on military installations and operations worldwide."
airfield,Place,veterans,1,"An airfield is a location on land or water used for aircraft takeoff and landing, often equipped with runways, hangars, and control facilities."
american planes,Organization,veterans,1,"American Airlines is a major US-based airline headquartered in Fort Worth, Texas, known for providing passenger and cargo air transportation services globally."
two world wars,Event,veterans,1,"Two World Wars were global conflicts primarily fought in Europe and Asia, from 1914-1918 and 1939-1945, involving numerous nations and resulting in significant geopolitical changes."
Breakaway 282011 film29,Work,twitter,1,
training,Event,veterans,1,"The training event occurred on specified dates and locations, focusing on skill development and knowledge acquisition for participants in a particular field."
florida,Place,veterans,1,"Florida is a U.S. state located in the southeastern region, known for its beaches, tourism, oranges, and the Everglades National Park."
Parthenon,Place,twitter,1,
front loaders,Profession,veterans,1,"Front loader operators are professionals who operate heavy machinery to lift and move materials like dirt, gravel, or snow, often at construction sites or mines."
Brian Krzanich,Person,twitter,1,
five-star generals,Profession,veterans,1,"Five-star generals are the highest-ranking officers in an army, typically achieving this rank due to exceptional wartime leadership and significant contributions."
neurology,Profession,veterans,1,"Neurology is a branch of medicine focused on disorders of the nervous system, including the brain, spinal cord, and nerves, often involving diagnosis and treatment."
Nora Roberts,Person,twitter,1,
police,Profession,veterans,1,"Police officers are law enforcement professionals responsible for maintaining order, preventing crime, and protecting citizens within a specific jurisdiction."
city,Place,veterans,1,"A city is a large and permanent settlement, often known for its economic activity, cultural landmarks, and located in a specific geographic region."
artillery battery,Organization,veterans,1,"An artillery battery is a military unit consisting of artillery pieces, their crews, and supporting personnel, typically operating within a larger artillery formation."
delaware,Place,veterans,1,"Delaware, located in the Mid-Atlantic US, is known as the ""First State"" due to its early ratification of the Constitution and its business-friendly corporate laws."
indianapolis,Place,veterans,1,"Indianapolis, located in Indiana, is the state capital and is known for its racing heritage, particularly the Indianapolis 500."
